,filename,count,count1,blob_hog_count
0,/home/rnam/Documents/ped/data/team500/2016-07-17-13-41-58_Flatbush_Ave__Willoughby.jpg,0,4,2
1,/home/rnam/Documents/ped/data/team500/2016-07-17-13-38-30_Flatbush_Ave__Willoughby.jpg,1,4,2
2,/home/rnam/Documents/ped/data/team500/2016-07-17-13-38-59_Flatbush_Ave__Willoughby.jpg,2,4,1
3,/home/rnam/Documents/ped/data/team500/2016-07-17-13-41-40_Flatbush_Ave__Willoughby.jpg,3,4,5
4,/home/rnam/Documents/ped/data/team500/2016-07-17-13-45-27_Flatbush_Ave__Willoughby.jpg,4,4,1
5,/home/rnam/Documents/ped/data/team500/2016-07-17-13-44-54_Flatbush_Ave__Willoughby.jpg,5,4,2
6,/home/rnam/Documents/ped/data/team500/2016-07-17-13-38-24_Flatbush_Ave__Willoughby.jpg,6,4,0
7,/home/rnam/Documents/ped/data/team500/2016-07-17-13-45-45_Flatbush_Ave__Willoughby.jpg,7,4,0
8,/home/rnam/Documents/ped/data/team500/2016-07-17-13-39-12_Flatbush_Ave__Willoughby.jpg,8,4,3
9,/home/rnam/Documents/ped/data/team500/2016-07-17-13-38-48_Flatbush_Ave__Willoughby.jpg,9,4,1
10,/home/rnam/Documents/ped/data/team500/2016-07-17-13-45-23_Flatbush_Ave__Willoughby.jpg,10,3,3
11,/home/rnam/Documents/ped/data/team500/2016-07-17-13-42-24_Flatbush_Ave__Willoughby.jpg,11,3,2
12,/home/rnam/Documents/ped/data/team500/2016-07-17-13-43-55_Flatbush_Ave__Willoughby.jpg,12,3,2
13,/home/rnam/Documents/ped/data/team500/2016-07-17-13-38-09_Flatbush_Ave__Willoughby.jpg,13,3,1
14,/home/rnam/Documents/ped/data/team500/2016-07-17-13-41-11_Flatbush_Ave__Willoughby.jpg,14,3,0
15,/home/rnam/Documents/ped/data/team500/2016-07-17-13-40-04_Flatbush_Ave__Willoughby.jpg,15,3,2
16,/home/rnam/Documents/ped/data/team500/2016-07-17-13-43-21_Flatbush_Ave__Willoughby.jpg,16,2,1
17,/home/rnam/Documents/ped/data/team500/2016-07-17-13-36-44_Flatbush_Ave__Willoughby.jpg,17,1,0
18,/home/rnam/Documents/ped/data/team500/2016-07-17-13-44-53_Flatbush_Ave__Willoughby.jpg,18,0,1
19,/home/rnam/Documents/ped/data/team500/2016-07-17-13-38-23_Flatbush_Ave__Willoughby.jpg,19,0,0
20,/home/rnam/Documents/ped/data/team500/2016-07-17-13-40-29_Flatbush_Ave__Willoughby.jpg,20,0,2
21,/home/rnam/Documents/ped/data/team500/2016-07-17-13-41-10_Flatbush_Ave__Willoughby.jpg,21,0,1
22,/home/rnam/Documents/ped/data/team500/2016-07-17-13-40-25_Flatbush_Ave__Willoughby.jpg,22,0,1
23,/home/rnam/Documents/ped/data/team500/2016-07-17-13-38-28_Flatbush_Ave__Willoughby.jpg,23,0,2
24,/home/rnam/Documents/ped/data/team500/2016-07-17-13-43-34_Flatbush_Ave__Willoughby.jpg,24,0,1
25,/home/rnam/Documents/ped/data/team500/2016-07-17-13-44-29_Flatbush_Ave__Willoughby.jpg,25,0,3
26,/home/rnam/Documents/ped/data/team500/2016-07-17-13-42-29_Flatbush_Ave__Willoughby.jpg,26,0,3
27,/home/rnam/Documents/ped/data/team500/2016-07-17-13-39-28_Flatbush_Ave__Willoughby.jpg,27,0,4
28,/home/rnam/Documents/ped/data/team500/2016-07-17-13-36-51_Flatbush_Ave__Willoughby.jpg,28,0,3
29,/home/rnam/Documents/ped/data/team500/2016-07-17-13-39-55_Flatbush_Ave__Willoughby.jpg,29,0,1
30,/home/rnam/Documents/ped/data/team500/2016-07-17-13-43-50_Flatbush_Ave__Willoughby.jpg,30,0,2
31,/home/rnam/Documents/ped/data/team500/2016-07-17-13-37-27_Flatbush_Ave__Willoughby.jpg,31,0,1
32,/home/rnam/Documents/ped/data/team500/2016-07-17-13-41-05_Flatbush_Ave__Willoughby.jpg,32,0,1
33,/home/rnam/Documents/ped/data/team500/2016-07-17-13-37-23_Flatbush_Ave__Willoughby.jpg,33,0,0
34,/home/rnam/Documents/ped/data/team500/2016-07-17-13-41-46_Flatbush_Ave__Willoughby.jpg,34,0,3
35,/home/rnam/Documents/ped/data/team500/2016-07-17-13-36-00_Flatbush_Ave__Willoughby.jpg,35,0,0
36,/home/rnam/Documents/ped/data/team500/2016-07-17-13-40-13_Flatbush_Ave__Willoughby.jpg,36,0,1
37,/home/rnam/Documents/ped/data/team500/2016-07-17-13-43-07_Flatbush_Ave__Willoughby.jpg,37,0,3
38,/home/rnam/Documents/ped/data/team500/2016-07-17-13-36-34_Flatbush_Ave__Willoughby.jpg,38,0,0
39,/home/rnam/Documents/ped/data/team500/2016-07-17-13-40-14_Flatbush_Ave__Willoughby.jpg,39,1,1
40,/home/rnam/Documents/ped/data/team500/2016-07-17-13-43-00_Flatbush_Ave__Willoughby.jpg,40,1,0
41,/home/rnam/Documents/ped/data/team500/2016-07-17-13-44-13_Flatbush_Ave__Willoughby.jpg,41,1,4
42,/home/rnam/Documents/ped/data/team500/2016-07-17-13-37-18_Flatbush_Ave__Willoughby.jpg,42,1,3
43,/home/rnam/Documents/ped/data/team500/2016-07-17-13-43-23_Flatbush_Ave__Willoughby.jpg,43,1,0
44,/home/rnam/Documents/ped/data/team500/2016-07-17-13-36-02_Flatbush_Ave__Willoughby.jpg,44,0,1
45,/home/rnam/Documents/ped/data/team500/2016-07-17-13-44-06_Flatbush_Ave__Willoughby.jpg,45,0,1
46,/home/rnam/Documents/ped/data/team500/2016-07-17-13-40-34_Flatbush_Ave__Willoughby.jpg,46,0,1
47,/home/rnam/Documents/ped/data/team500/2016-07-17-13-38-21_Flatbush_Ave__Willoughby.jpg,47,0,0
48,/home/rnam/Documents/ped/data/team500/2016-07-17-13-45-04_Flatbush_Ave__Willoughby.jpg,48,0,3
49,/home/rnam/Documents/ped/data/team500/2016-07-17-13-39-49_Flatbush_Ave__Willoughby.jpg,49,0,3
50,/home/rnam/Documents/ped/data/team500/2016-07-17-13-36-29_Flatbush_Ave__Willoughby.jpg,50,0,1
51,/home/rnam/Documents/ped/data/team500/2016-07-17-13-41-30_Flatbush_Ave__Willoughby.jpg,51,1,5
52,/home/rnam/Documents/ped/data/team500/2016-07-17-13-40-42_Flatbush_Ave__Willoughby.jpg,52,2,2
53,/home/rnam/Documents/ped/data/team500/2016-07-17-13-44-37_Flatbush_Ave__Willoughby.jpg,53,2,0
54,/home/rnam/Documents/ped/data/team500/2016-07-17-13-45-36_Flatbush_Ave__Willoughby.jpg,54,1,1
55,/home/rnam/Documents/ped/data/team500/2016-07-17-13-42-49_Flatbush_Ave__Willoughby.jpg,55,1,2
56,/home/rnam/Documents/ped/data/team500/2016-07-17-13-36-17_Flatbush_Ave__Willoughby.jpg,56,1,0
57,/home/rnam/Documents/ped/data/team500/2016-07-17-13-44-43_Flatbush_Ave__Willoughby.jpg,57,1,1
58,/home/rnam/Documents/ped/data/team500/2016-07-17-13-38-38_Flatbush_Ave__Willoughby.jpg,58,1,4
59,/home/rnam/Documents/ped/data/team500/2016-07-17-13-37-14_Flatbush_Ave__Willoughby.jpg,59,2,0
60,/home/rnam/Documents/ped/data/team500/2016-07-17-13-44-26_Flatbush_Ave__Willoughby.jpg,60,2,1
61,/home/rnam/Documents/ped/data/team500/2016-07-17-13-39-32_Flatbush_Ave__Willoughby.jpg,61,2,1
62,/home/rnam/Documents/ped/data/team500/2016-07-17-13-38-43_Flatbush_Ave__Willoughby.jpg,62,2,1
63,/home/rnam/Documents/ped/data/team500/2016-07-17-13-40-06_Flatbush_Ave__Willoughby.jpg,63,2,2
64,/home/rnam/Documents/ped/data/team500/2016-07-17-13-38-06_Flatbush_Ave__Willoughby.jpg,64,2,0
65,/home/rnam/Documents/ped/data/team500/2016-07-17-13-36-35_Flatbush_Ave__Willoughby.jpg,65,2,0
66,/home/rnam/Documents/ped/data/team500/2016-07-17-13-43-29_Flatbush_Ave__Willoughby.jpg,66,2,1
67,/home/rnam/Documents/ped/data/team500/2016-07-17-13-40-00_Flatbush_Ave__Willoughby.jpg,67,2,1
68,/home/rnam/Documents/ped/data/team500/2016-07-17-13-36-59_Flatbush_Ave__Willoughby.jpg,68,2,0
69,/home/rnam/Documents/ped/data/team500/2016-07-17-13-40-08_Flatbush_Ave__Willoughby.jpg,69,3,2
70,/home/rnam/Documents/ped/data/team500/2016-07-17-13-45-43_Flatbush_Ave__Willoughby.jpg,70,5,0
71,/home/rnam/Documents/ped/data/team500/2016-07-17-13-37-44_Flatbush_Ave__Willoughby.jpg,71,6,4
72,/home/rnam/Documents/ped/data/team500/2016-07-17-13-45-21_Flatbush_Ave__Willoughby.jpg,72,6,4
73,/home/rnam/Documents/ped/data/team500/2016-07-17-13-37-43_Flatbush_Ave__Willoughby.jpg,73,8,1
74,/home/rnam/Documents/ped/data/team500/2016-07-17-13-40-10_Flatbush_Ave__Willoughby.jpg,74,8,1
75,/home/rnam/Documents/ped/data/team500/2016-07-17-13-41-00_Flatbush_Ave__Willoughby.jpg,75,8,1
76,/home/rnam/Documents/ped/data/team500/2016-07-17-13-37-21_Flatbush_Ave__Willoughby.jpg,76,9,1
77,/home/rnam/Documents/ped/data/team500/2016-07-17-13-38-07_Flatbush_Ave__Willoughby.jpg,77,9,0
78,/home/rnam/Documents/ped/data/team500/2016-07-17-13-41-48_Flatbush_Ave__Willoughby.jpg,78,9,0
79,/home/rnam/Documents/ped/data/team500/2016-07-17-13-42-50_Flatbush_Ave__Willoughby.jpg,79,8,2
80,/home/rnam/Documents/ped/data/team500/2016-07-17-13-44-56_Flatbush_Ave__Willoughby.jpg,80,9,2
81,/home/rnam/Documents/ped/data/team500/2016-07-17-13-39-29_Flatbush_Ave__Willoughby.jpg,81,9,1
82,/home/rnam/Documents/ped/data/team500/2016-07-17-13-42-18_Flatbush_Ave__Willoughby.jpg,82,8,1
83,/home/rnam/Documents/ped/data/team500/2016-07-17-13-38-50_Flatbush_Ave__Willoughby.jpg,83,8,1
84,/home/rnam/Documents/ped/data/team500/2016-07-17-13-45-16_Flatbush_Ave__Willoughby.jpg,84,8,4
85,/home/rnam/Documents/ped/data/team500/2016-07-17-13-38-22_Flatbush_Ave__Willoughby.jpg,85,8,0
86,/home/rnam/Documents/ped/data/team500/2016-07-17-13-42-51_Flatbush_Ave__Willoughby.jpg,86,9,0
87,/home/rnam/Documents/ped/data/team500/2016-07-17-13-45-33_Flatbush_Ave__Willoughby.jpg,87,9,0
88,/home/rnam/Documents/ped/data/team500/2016-07-17-13-40-41_Flatbush_Ave__Willoughby.jpg,88,9,1
89,/home/rnam/Documents/ped/data/team500/2016-07-17-13-41-07_Flatbush_Ave__Willoughby.jpg,89,8,0
90,/home/rnam/Documents/ped/data/team500/2016-07-17-13-43-38_Flatbush_Ave__Willoughby.jpg,90,8,0
91,/home/rnam/Documents/ped/data/team500/2016-07-17-13-39-50_Flatbush_Ave__Willoughby.jpg,91,9,3
92,/home/rnam/Documents/ped/data/team500/2016-07-17-13-42-10_Flatbush_Ave__Willoughby.jpg,92,9,3
93,/home/rnam/Documents/ped/data/team500/2016-07-17-13-40-40_Flatbush_Ave__Willoughby.jpg,93,8,4
94,/home/rnam/Documents/ped/data/team500/2016-07-17-13-37-04_Flatbush_Ave__Willoughby.jpg,94,8,2
95,/home/rnam/Documents/ped/data/team500/2016-07-17-13-40-21_Flatbush_Ave__Willoughby.jpg,95,9,0
96,/home/rnam/Documents/ped/data/team500/2016-07-17-13-38-32_Flatbush_Ave__Willoughby.jpg,96,9,4
97,/home/rnam/Documents/ped/data/team500/2016-07-17-13-37-09_Flatbush_Ave__Willoughby.jpg,97,7,1
98,/home/rnam/Documents/ped/data/team500/2016-07-17-13-36-46_Flatbush_Ave__Willoughby.jpg,98,8,0
99,/home/rnam/Documents/ped/data/team500/2016-07-17-13-43-06_Flatbush_Ave__Willoughby.jpg,99,10,1
100,/home/rnam/Documents/ped/data/team500/2016-07-17-13-36-53_Flatbush_Ave__Willoughby.jpg,100,11,0
101,/home/rnam/Documents/ped/data/team500/2016-07-17-13-40-55_Flatbush_Ave__Willoughby.jpg,101,11,1
102,/home/rnam/Documents/ped/data/team500/2016-07-17-13-45-20_Flatbush_Ave__Willoughby.jpg,102,9,1
103,/home/rnam/Documents/ped/data/team500/2016-07-17-13-40-16_Flatbush_Ave__Willoughby.jpg,103,9,0
104,/home/rnam/Documents/ped/data/team500/2016-07-17-13-42-45_Flatbush_Ave__Willoughby.jpg,104,8,2
105,/home/rnam/Documents/ped/data/team500/2016-07-17-13-36-05_Flatbush_Ave__Willoughby.jpg,105,8,1
106,/home/rnam/Documents/ped/data/team500/2016-07-17-13-42-01_Flatbush_Ave__Willoughby.jpg,106,8,3
107,/home/rnam/Documents/ped/data/team500/2016-07-17-13-44-27_Flatbush_Ave__Willoughby.jpg,107,9,3
108,/home/rnam/Documents/ped/data/team500/2016-07-17-13-39-13_Flatbush_Ave__Willoughby.jpg,108,9,4
109,/home/rnam/Documents/ped/data/team500/2016-07-17-13-44-23_Flatbush_Ave__Willoughby.jpg,109,7,0
110,/home/rnam/Documents/ped/data/team500/2016-07-17-13-45-39_Flatbush_Ave__Willoughby.jpg,110,8,3
111,/home/rnam/Documents/ped/data/team500/2016-07-17-13-43-18_Flatbush_Ave__Willoughby.jpg,111,9,2
112,/home/rnam/Documents/ped/data/team500/2016-07-17-13-36-52_Flatbush_Ave__Willoughby.jpg,112,9,3
113,/home/rnam/Documents/ped/data/team500/2016-07-17-13-39-08_Flatbush_Ave__Willoughby.jpg,113,8,4
114,/home/rnam/Documents/ped/data/team500/2016-07-17-13-39-25_Flatbush_Ave__Willoughby.jpg,114,7,5
115,/home/rnam/Documents/ped/data/team500/2016-07-17-13-42-48_Flatbush_Ave__Willoughby.jpg,115,7,2
116,/home/rnam/Documents/ped/data/team500/2016-07-17-13-38-00_Flatbush_Ave__Willoughby.jpg,116,6,2
117,/home/rnam/Documents/ped/data/team500/2016-07-17-13-43-09_Flatbush_Ave__Willoughby.jpg,117,6,1
118,/home/rnam/Documents/ped/data/team500/2016-07-17-13-40-38_Flatbush_Ave__Willoughby.jpg,118,5,4
119,/home/rnam/Documents/ped/data/team500/2016-07-17-13-36-03_Flatbush_Ave__Willoughby.jpg,119,5,0
120,/home/rnam/Documents/ped/data/team500/2016-07-17-13-44-08_Flatbush_Ave__Willoughby.jpg,120,6,0
121,/home/rnam/Documents/ped/data/team500/2016-07-17-13-43-27_Flatbush_Ave__Willoughby.jpg,121,6,1
122,/home/rnam/Documents/ped/data/team500/2016-07-17-13-44-47_Flatbush_Ave__Willoughby.jpg,122,6,1
123,/home/rnam/Documents/ped/data/team500/2016-07-17-13-41-17_Flatbush_Ave__Willoughby.jpg,123,6,2
124,/home/rnam/Documents/ped/data/team500/2016-07-17-13-37-55_Flatbush_Ave__Willoughby.jpg,124,6,3
125,/home/rnam/Documents/ped/data/team500/2016-07-17-13-38-12_Flatbush_Ave__Willoughby.jpg,125,6,1
126,/home/rnam/Documents/ped/data/team500/2016-07-17-13-41-39_Flatbush_Ave__Willoughby.jpg,126,6,6
127,/home/rnam/Documents/ped/data/team500/2016-07-17-13-37-45_Flatbush_Ave__Willoughby.jpg,127,5,2
128,/home/rnam/Documents/ped/data/team500/2016-07-17-13-45-28_Flatbush_Ave__Willoughby.jpg,128,5,1
129,/home/rnam/Documents/ped/data/team500/2016-07-17-13-38-31_Flatbush_Ave__Willoughby.jpg,129,6,4
130,/home/rnam/Documents/ped/data/team500/2016-07-17-13-36-21_Flatbush_Ave__Willoughby.jpg,130,7,0
131,/home/rnam/Documents/ped/data/team500/2016-07-17-13-39-20_Flatbush_Ave__Willoughby.jpg,131,7,4
132,/home/rnam/Documents/ped/data/team500/2016-07-17-13-36-18_Flatbush_Ave__Willoughby.jpg,132,8,0
133,/home/rnam/Documents/ped/data/team500/2016-07-17-13-45-52_Flatbush_Ave__Willoughby.jpg,133,7,0
134,/home/rnam/Documents/ped/data/team500/2016-07-17-13-36-48_Flatbush_Ave__Willoughby.jpg,134,8,0
135,/home/rnam/Documents/ped/data/team500/2016-07-17-13-39-26_Flatbush_Ave__Willoughby.jpg,135,6,3
136,/home/rnam/Documents/ped/data/team500/2016-07-17-13-40-50_Flatbush_Ave__Willoughby.jpg,136,6,3
137,/home/rnam/Documents/ped/data/team500/2016-07-17-13-40-18_Flatbush_Ave__Willoughby.jpg,137,7,1
138,/home/rnam/Documents/ped/data/team500/2016-07-17-13-35-59_Flatbush_Ave__Willoughby.jpg,138,8,0
139,/home/rnam/Documents/ped/data/team500/2016-07-17-13-39-59_Flatbush_Ave__Willoughby.jpg,139,9,1
140,/home/rnam/Documents/ped/data/team500/2016-07-17-13-42-53_Flatbush_Ave__Willoughby.jpg,140,9,1
141,/home/rnam/Documents/ped/data/team500/2016-07-17-13-38-36_Flatbush_Ave__Willoughby.jpg,141,10,2
142,/home/rnam/Documents/ped/data/team500/2016-07-17-13-41-02_Flatbush_Ave__Willoughby.jpg,142,10,0
143,/home/rnam/Documents/ped/data/team500/2016-07-17-13-37-02_Flatbush_Ave__Willoughby.jpg,143,10,0
144,/home/rnam/Documents/ped/data/team500/2016-07-17-13-36-55_Flatbush_Ave__Willoughby.jpg,144,11,0
145,/home/rnam/Documents/ped/data/team500/2016-07-17-13-40-59_Flatbush_Ave__Willoughby.jpg,145,13,1
146,/home/rnam/Documents/ped/data/team500/2016-07-17-13-38-40_Flatbush_Ave__Willoughby.jpg,146,15,1
147,/home/rnam/Documents/ped/data/team500/2016-07-17-13-41-41_Flatbush_Ave__Willoughby.jpg,147,14,4
148,/home/rnam/Documents/ped/data/team500/2016-07-17-13-36-14_Flatbush_Ave__Willoughby.jpg,148,16,0
149,/home/rnam/Documents/ped/data/team500/2016-07-17-13-44-49_Flatbush_Ave__Willoughby.jpg,149,19,0
150,/home/rnam/Documents/ped/data/team500/2016-07-17-13-35-58_Flatbush_Ave__Willoughby.jpg,150,20,0
151,/home/rnam/Documents/ped/data/team500/2016-07-17-13-41-34_Flatbush_Ave__Willoughby.jpg,151,17,3
152,/home/rnam/Documents/ped/data/team500/2016-07-17-13-39-47_Flatbush_Ave__Willoughby.jpg,152,16,3
153,/home/rnam/Documents/ped/data/team500/2016-07-17-13-38-15_Flatbush_Ave__Willoughby.jpg,153,15,2
154,/home/rnam/Documents/ped/data/team500/2016-07-17-13-38-41_Flatbush_Ave__Willoughby.jpg,154,13,2
155,/home/rnam/Documents/ped/data/team500/2016-07-17-13-40-57_Flatbush_Ave__Willoughby.jpg,155,15,1
156,/home/rnam/Documents/ped/data/team500/2016-07-17-13-38-46_Flatbush_Ave__Willoughby.jpg,156,15,1
157,/home/rnam/Documents/ped/data/team500/2016-07-17-13-39-31_Flatbush_Ave__Willoughby.jpg,157,14,1
158,/home/rnam/Documents/ped/data/team500/2016-07-17-13-45-05_Flatbush_Ave__Willoughby.jpg,158,12,2
159,/home/rnam/Documents/ped/data/team500/2016-07-17-13-44-31_Flatbush_Ave__Willoughby.jpg,159,10,1
160,/home/rnam/Documents/ped/data/team500/2016-07-17-13-39-58_Flatbush_Ave__Willoughby.jpg,160,10,0
161,/home/rnam/Documents/ped/data/team500/2016-07-17-13-42-44_Flatbush_Ave__Willoughby.jpg,161,10,2
162,/home/rnam/Documents/ped/data/team500/2016-07-17-13-41-18_Flatbush_Ave__Willoughby.jpg,162,11,2
163,/home/rnam/Documents/ped/data/team500/2016-07-17-13-36-31_Flatbush_Ave__Willoughby.jpg,163,12,0
164,/home/rnam/Documents/ped/data/team500/2016-07-17-13-39-19_Flatbush_Ave__Willoughby.jpg,164,12,3
165,/home/rnam/Documents/ped/data/team500/2016-07-17-13-42-46_Flatbush_Ave__Willoughby.jpg,165,11,0
166,/home/rnam/Documents/ped/data/team500/2016-07-17-13-38-39_Flatbush_Ave__Willoughby.jpg,166,10,2
167,/home/rnam/Documents/ped/data/team500/2016-07-17-13-42-13_Flatbush_Ave__Willoughby.jpg,167,10,3
168,/home/rnam/Documents/ped/data/team500/2016-07-17-13-37-03_Flatbush_Ave__Willoughby.jpg,168,9,1
169,/home/rnam/Documents/ped/data/team500/2016-07-17-13-39-11_Flatbush_Ave__Willoughby.jpg,169,10,4
170,/home/rnam/Documents/ped/data/team500/2016-07-17-13-36-24_Flatbush_Ave__Willoughby.jpg,170,9,0
171,/home/rnam/Documents/ped/data/team500/2016-07-17-13-45-31_Flatbush_Ave__Willoughby.jpg,171,10,1
172,/home/rnam/Documents/ped/data/team500/2016-07-17-13-38-42_Flatbush_Ave__Willoughby.jpg,172,12,1
173,/home/rnam/Documents/ped/data/team500/2016-07-17-13-41-26_Flatbush_Ave__Willoughby.jpg,173,12,4
174,/home/rnam/Documents/ped/data/team500/2016-07-17-13-43-32_Flatbush_Ave__Willoughby.jpg,174,12,0
175,/home/rnam/Documents/ped/data/team500/2016-07-17-13-38-13_Flatbush_Ave__Willoughby.jpg,175,10,2
176,/home/rnam/Documents/ped/data/team500/2016-07-17-13-37-26_Flatbush_Ave__Willoughby.jpg,176,10,2
177,/home/rnam/Documents/ped/data/team500/2016-07-17-13-36-07_Flatbush_Ave__Willoughby.jpg,177,10,0
178,/home/rnam/Documents/ped/data/team500/2016-07-17-13-39-15_Flatbush_Ave__Willoughby.jpg,178,9,2
179,/home/rnam/Documents/ped/data/team500/2016-07-17-13-42-02_Flatbush_Ave__Willoughby.jpg,179,8,4
180,/home/rnam/Documents/ped/data/team500/2016-07-17-13-45-06_Flatbush_Ave__Willoughby.jpg,180,9,0
181,/home/rnam/Documents/ped/data/team500/2016-07-17-13-42-15_Flatbush_Ave__Willoughby.jpg,181,8,0
182,/home/rnam/Documents/ped/data/team500/2016-07-17-13-41-37_Flatbush_Ave__Willoughby.jpg,182,9,5
183,/home/rnam/Documents/ped/data/team500/2016-07-17-13-37-10_Flatbush_Ave__Willoughby.jpg,183,9,1
184,/home/rnam/Documents/ped/data/team500/2016-07-17-13-36-23_Flatbush_Ave__Willoughby.jpg,184,8,1
185,/home/rnam/Documents/ped/data/team500/2016-07-17-13-39-54_Flatbush_Ave__Willoughby.jpg,185,9,1
186,/home/rnam/Documents/ped/data/team500/2016-07-17-13-38-45_Flatbush_Ave__Willoughby.jpg,186,10,1
187,/home/rnam/Documents/ped/data/team500/2016-07-17-13-45-34_Flatbush_Ave__Willoughby.jpg,187,12,0
188,/home/rnam/Documents/ped/data/team500/2016-07-17-13-44-16_Flatbush_Ave__Willoughby.jpg,188,12,2
189,/home/rnam/Documents/ped/data/team500/2016-07-17-13-41-36_Flatbush_Ave__Willoughby.jpg,189,10,3
190,/home/rnam/Documents/ped/data/team500/2016-07-17-13-39-42_Flatbush_Ave__Willoughby.jpg,190,10,3
191,/home/rnam/Documents/ped/data/team500/2016-07-17-13-43-57_Flatbush_Ave__Willoughby.jpg,191,10,0
192,/home/rnam/Documents/ped/data/team500/2016-07-17-13-39-57_Flatbush_Ave__Willoughby.jpg,192,12,1
193,/home/rnam/Documents/ped/data/team500/2016-07-17-13-38-03_Flatbush_Ave__Willoughby.jpg,193,11,0
194,/home/rnam/Documents/ped/data/team500/2016-07-17-13-40-47_Flatbush_Ave__Willoughby.jpg,194,12,2
195,/home/rnam/Documents/ped/data/team500/2016-07-17-13-41-13_Flatbush_Ave__Willoughby.jpg,195,10,2
196,/home/rnam/Documents/ped/data/team500/2016-07-17-13-44-19_Flatbush_Ave__Willoughby.jpg,196,9,2
197,/home/rnam/Documents/ped/data/team500/2016-07-17-13-45-24_Flatbush_Ave__Willoughby.jpg,197,8,0
198,/home/rnam/Documents/ped/data/team500/2016-07-17-13-42-47_Flatbush_Ave__Willoughby.jpg,198,10,3
199,/home/rnam/Documents/ped/data/team500/2016-07-17-13-38-29_Flatbush_Ave__Willoughby.jpg,199,9,1
200,/home/rnam/Documents/ped/data/team500/2016-07-17-13-41-55_Flatbush_Ave__Willoughby.jpg,200,10,2
201,/home/rnam/Documents/ped/data/team500/2016-07-17-13-37-01_Flatbush_Ave__Willoughby.jpg,201,7,0
202,/home/rnam/Documents/ped/data/team500/2016-07-17-13-37-05_Flatbush_Ave__Willoughby.jpg,202,7,0
203,/home/rnam/Documents/ped/data/team500/2016-07-17-13-41-23_Flatbush_Ave__Willoughby.jpg,203,6,5
204,/home/rnam/Documents/ped/data/team500/2016-07-17-13-40-39_Flatbush_Ave__Willoughby.jpg,204,7,2
205,/home/rnam/Documents/ped/data/team500/2016-07-17-13-44-02_Flatbush_Ave__Willoughby.jpg,205,6,1
206,/home/rnam/Documents/ped/data/team500/2016-07-17-13-41-19_Flatbush_Ave__Willoughby.jpg,206,7,2
207,/home/rnam/Documents/ped/data/team500/2016-07-17-13-42-16_Flatbush_Ave__Willoughby.jpg,207,8,1
208,/home/rnam/Documents/ped/data/team500/2016-07-17-13-43-03_Flatbush_Ave__Willoughby.jpg,208,8,3
209,/home/rnam/Documents/ped/data/team500/2016-07-17-13-44-39_Flatbush_Ave__Willoughby.jpg,209,8,0
210,/home/rnam/Documents/ped/data/team500/2016-07-17-13-41-25_Flatbush_Ave__Willoughby.jpg,210,8,2
211,/home/rnam/Documents/ped/data/team500/2016-07-17-13-43-58_Flatbush_Ave__Willoughby.jpg,211,7,1
212,/home/rnam/Documents/ped/data/team500/2016-07-17-13-39-07_Flatbush_Ave__Willoughby.jpg,212,7,5
213,/home/rnam/Documents/ped/data/team500/2016-07-17-13-44-20_Flatbush_Ave__Willoughby.jpg,213,7,1
214,/home/rnam/Documents/ped/data/team500/2016-07-17-13-40-52_Flatbush_Ave__Willoughby.jpg,214,7,2
215,/home/rnam/Documents/ped/data/team500/2016-07-17-13-38-47_Flatbush_Ave__Willoughby.jpg,215,6,1
216,/home/rnam/Documents/ped/data/team500/2016-07-17-13-45-12_Flatbush_Ave__Willoughby.jpg,216,5,3
217,/home/rnam/Documents/ped/data/team500/2016-07-17-13-37-56_Flatbush_Ave__Willoughby.jpg,217,5,3
218,/home/rnam/Documents/ped/data/team500/2016-07-17-13-40-11_Flatbush_Ave__Willoughby.jpg,218,5,2
219,/home/rnam/Documents/ped/data/team500/2016-07-17-13-40-46_Flatbush_Ave__Willoughby.jpg,219,5,1
220,/home/rnam/Documents/ped/data/team500/2016-07-17-13-40-30_Flatbush_Ave__Willoughby.jpg,220,5,2
221,/home/rnam/Documents/ped/data/team500/2016-07-17-13-43-19_Flatbush_Ave__Willoughby.jpg,221,5,3
222,/home/rnam/Documents/ped/data/team500/2016-07-17-13-35-57_Flatbush_Ave__Willoughby.jpg,222,6,1
223,/home/rnam/Documents/ped/data/team500/2016-07-17-13-45-10_Flatbush_Ave__Willoughby.jpg,223,5,1
224,/home/rnam/Documents/ped/data/team500/2016-07-17-13-36-47_Flatbush_Ave__Willoughby.jpg,224,4,0
225,/home/rnam/Documents/ped/data/team500/2016-07-17-13-36-08_Flatbush_Ave__Willoughby.jpg,225,4,0
226,/home/rnam/Documents/ped/data/team500/2016-07-17-13-44-57_Flatbush_Ave__Willoughby.jpg,226,3,1
227,/home/rnam/Documents/ped/data/team500/2016-07-17-13-42-23_Flatbush_Ave__Willoughby.jpg,227,5,3
228,/home/rnam/Documents/ped/data/team500/2016-07-17-13-37-57_Flatbush_Ave__Willoughby.jpg,228,6,3
229,/home/rnam/Documents/ped/data/team500/2016-07-17-13-37-50_Flatbush_Ave__Willoughby.jpg,229,4,4
230,/home/rnam/Documents/ped/data/team500/2016-07-17-13-41-14_Flatbush_Ave__Willoughby.jpg,230,3,1
231,/home/rnam/Documents/ped/data/team500/2016-07-17-13-36-01_Flatbush_Ave__Willoughby.jpg,231,5,1
232,/home/rnam/Documents/ped/data/team500/2016-07-17-13-36-33_Flatbush_Ave__Willoughby.jpg,232,5,0
233,/home/rnam/Documents/ped/data/team500/2016-07-17-13-38-52_Flatbush_Ave__Willoughby.jpg,233,6,1
234,/home/rnam/Documents/ped/data/team500/2016-07-17-13-39-40_Flatbush_Ave__Willoughby.jpg,234,5,2
235,/home/rnam/Documents/ped/data/team500/2016-07-17-13-39-52_Flatbush_Ave__Willoughby.jpg,235,5,4
236,/home/rnam/Documents/ped/data/team500/2016-07-17-13-36-56_Flatbush_Ave__Willoughby.jpg,236,4,1
237,/home/rnam/Documents/ped/data/team500/2016-07-17-13-38-08_Flatbush_Ave__Willoughby.jpg,237,4,1
238,/home/rnam/Documents/ped/data/team500/2016-07-17-13-44-07_Flatbush_Ave__Willoughby.jpg,238,4,4
239,/home/rnam/Documents/ped/data/team500/2016-07-17-13-37-11_Flatbush_Ave__Willoughby.jpg,239,4,0
240,/home/rnam/Documents/ped/data/team500/2016-07-17-13-38-17_Flatbush_Ave__Willoughby.jpg,240,4,3
241,/home/rnam/Documents/ped/data/team500/2016-07-17-13-37-15_Flatbush_Ave__Willoughby.jpg,241,3,4
242,/home/rnam/Documents/ped/data/team500/2016-07-17-13-40-28_Flatbush_Ave__Willoughby.jpg,242,4,1
243,/home/rnam/Documents/ped/data/team500/2016-07-17-13-41-49_Flatbush_Ave__Willoughby.jpg,243,3,2
244,/home/rnam/Documents/ped/data/team500/2016-07-17-13-45-51_Flatbush_Ave__Willoughby.jpg,244,4,0
245,/home/rnam/Documents/ped/data/team500/2016-07-17-13-38-02_Flatbush_Ave__Willoughby.jpg,245,3,0
246,/home/rnam/Documents/ped/data/team500/2016-07-17-13-40-26_Flatbush_Ave__Willoughby.jpg,246,3,1
247,/home/rnam/Documents/ped/data/team500/2016-07-17-13-41-20_Flatbush_Ave__Willoughby.jpg,247,4,3
248,/home/rnam/Documents/ped/data/team500/2016-07-17-13-39-17_Flatbush_Ave__Willoughby.jpg,248,4,4
249,/home/rnam/Documents/ped/data/team500/2016-07-17-13-37-40_Flatbush_Ave__Willoughby.jpg,249,4,3
250,/home/rnam/Documents/ped/data/team500/2016-07-17-13-37-29_Flatbush_Ave__Willoughby.jpg,250,4,2
251,/home/rnam/Documents/ped/data/team500/2016-07-17-13-39-04_Flatbush_Ave__Willoughby.jpg,251,4,2
252,/home/rnam/Documents/ped/data/team500/2016-07-17-13-37-07_Flatbush_Ave__Willoughby.jpg,252,4,0
253,/home/rnam/Documents/ped/data/team500/2016-07-17-13-37-54_Flatbush_Ave__Willoughby.jpg,253,4,3
254,/home/rnam/Documents/ped/data/team500/2016-07-17-13-36-45_Flatbush_Ave__Willoughby.jpg,254,3,0
255,/home/rnam/Documents/ped/data/team500/2016-07-17-13-42-36_Flatbush_Ave__Willoughby.jpg,255,3,3
256,/home/rnam/Documents/ped/data/team500/2016-07-17-13-36-26_Flatbush_Ave__Willoughby.jpg,256,4,0
257,/home/rnam/Documents/ped/data/team500/2016-07-17-13-44-18_Flatbush_Ave__Willoughby.jpg,257,4,2
258,/home/rnam/Documents/ped/data/team500/2016-07-17-13-42-21_Flatbush_Ave__Willoughby.jpg,258,4,0
259,/home/rnam/Documents/ped/data/team500/2016-07-17-13-38-44_Flatbush_Ave__Willoughby.jpg,259,6,1
260,/home/rnam/Documents/ped/data/team500/2016-07-17-13-43-26_Flatbush_Ave__Willoughby.jpg,260,6,0
261,/home/rnam/Documents/ped/data/team500/2016-07-17-13-37-38_Flatbush_Ave__Willoughby.jpg,261,7,1
262,/home/rnam/Documents/ped/data/team500/2016-07-17-13-44-52_Flatbush_Ave__Willoughby.jpg,262,6,2
263,/home/rnam/Documents/ped/data/team500/2016-07-17-13-36-10_Flatbush_Ave__Willoughby.jpg,263,7,0
264,/home/rnam/Documents/ped/data/team500/2016-07-17-13-39-53_Flatbush_Ave__Willoughby.jpg,264,8,2
265,/home/rnam/Documents/ped/data/team500/2016-07-17-13-39-30_Flatbush_Ave__Willoughby.jpg,265,7,2
266,/home/rnam/Documents/ped/data/team500/2016-07-17-13-39-02_Flatbush_Ave__Willoughby.jpg,266,7,0
267,/home/rnam/Documents/ped/data/team500/2016-07-17-13-37-53_Flatbush_Ave__Willoughby.jpg,267,7,3
268,/home/rnam/Documents/ped/data/team500/2016-07-17-13-37-58_Flatbush_Ave__Willoughby.jpg,268,7,3
269,/home/rnam/Documents/ped/data/team500/2016-07-17-13-43-16_Flatbush_Ave__Willoughby.jpg,269,8,2
270,/home/rnam/Documents/ped/data/team500/2016-07-17-13-44-09_Flatbush_Ave__Willoughby.jpg,270,7,2
271,/home/rnam/Documents/ped/data/team500/2016-07-17-13-41-59_Flatbush_Ave__Willoughby.jpg,271,6,1
272,/home/rnam/Documents/ped/data/team500/2016-07-17-13-38-58_Flatbush_Ave__Willoughby.jpg,272,5,1
273,/home/rnam/Documents/ped/data/team500/2016-07-17-13-41-52_Flatbush_Ave__Willoughby.jpg,273,6,2
274,/home/rnam/Documents/ped/data/team500/2016-07-17-13-40-05_Flatbush_Ave__Willoughby.jpg,274,7,2
275,/home/rnam/Documents/ped/data/team500/2016-07-17-13-37-39_Flatbush_Ave__Willoughby.jpg,275,7,3
276,/home/rnam/Documents/ped/data/team500/2016-07-17-13-42-42_Flatbush_Ave__Willoughby.jpg,276,7,2
277,/home/rnam/Documents/ped/data/team500/2016-07-17-13-39-16_Flatbush_Ave__Willoughby.jpg,277,6,3
278,/home/rnam/Documents/ped/data/team500/2016-07-17-13-42-20_Flatbush_Ave__Willoughby.jpg,278,6,2
279,/home/rnam/Documents/ped/data/team500/2016-07-17-13-44-48_Flatbush_Ave__Willoughby.jpg,279,6,2
280,/home/rnam/Documents/ped/data/team500/2016-07-17-13-40-49_Flatbush_Ave__Willoughby.jpg,280,5,1
281,/home/rnam/Documents/ped/data/team500/2016-07-17-13-44-40_Flatbush_Ave__Willoughby.jpg,281,5,2
282,/home/rnam/Documents/ped/data/team500/2016-07-17-13-38-19_Flatbush_Ave__Willoughby.jpg,282,6,3
283,/home/rnam/Documents/ped/data/team500/2016-07-17-13-44-58_Flatbush_Ave__Willoughby.jpg,283,7,1
284,/home/rnam/Documents/ped/data/team500/2016-07-17-13-44-14_Flatbush_Ave__Willoughby.jpg,284,7,2
285,/home/rnam/Documents/ped/data/team500/2016-07-17-13-45-19_Flatbush_Ave__Willoughby.jpg,285,7,3
286,/home/rnam/Documents/ped/data/team500/2016-07-17-13-37-51_Flatbush_Ave__Willoughby.jpg,286,7,3
287,/home/rnam/Documents/ped/data/team500/2016-07-17-13-42-22_Flatbush_Ave__Willoughby.jpg,287,7,3
288,/home/rnam/Documents/ped/data/team500/2016-07-17-13-38-54_Flatbush_Ave__Willoughby.jpg,288,7,2
289,/home/rnam/Documents/ped/data/team500/2016-07-17-13-41-45_Flatbush_Ave__Willoughby.jpg,289,7,5
290,/home/rnam/Documents/ped/data/team500/2016-07-17-13-42-54_Flatbush_Ave__Willoughby.jpg,290,6,2
291,/home/rnam/Documents/ped/data/team500/2016-07-17-13-42-33_Flatbush_Ave__Willoughby.jpg,291,4,2
292,/home/rnam/Documents/ped/data/team500/2016-07-17-13-44-30_Flatbush_Ave__Willoughby.jpg,292,5,0
293,/home/rnam/Documents/ped/data/team500/2016-07-17-13-36-13_Flatbush_Ave__Willoughby.jpg,293,5,0
294,/home/rnam/Documents/ped/data/team500/2016-07-17-13-41-47_Flatbush_Ave__Willoughby.jpg,294,6,1
295,/home/rnam/Documents/ped/data/team500/2016-07-17-13-42-38_Flatbush_Ave__Willoughby.jpg,295,4,4
296,/home/rnam/Documents/ped/data/team500/2016-07-17-13-41-03_Flatbush_Ave__Willoughby.jpg,296,6,0
297,/home/rnam/Documents/ped/data/team500/2016-07-17-13-40-44_Flatbush_Ave__Willoughby.jpg,297,5,3
298,/home/rnam/Documents/ped/data/team500/2016-07-17-13-36-12_Flatbush_Ave__Willoughby.jpg,298,6,0
299,/home/rnam/Documents/ped/data/team500/2016-07-17-13-37-48_Flatbush_Ave__Willoughby.jpg,299,4,2
300,/home/rnam/Documents/ped/data/team500/2016-07-17-13-36-37_Flatbush_Ave__Willoughby.jpg,300,5,0
301,/home/rnam/Documents/ped/data/team500/2016-07-17-13-41-31_Flatbush_Ave__Willoughby.jpg,301,6,4
302,/home/rnam/Documents/ped/data/team500/2016-07-17-13-37-33_Flatbush_Ave__Willoughby.jpg,302,6,1
303,/home/rnam/Documents/ped/data/team500/2016-07-17-13-43-01_Flatbush_Ave__Willoughby.jpg,303,6,2
304,/home/rnam/Documents/ped/data/team500/2016-07-17-13-42-14_Flatbush_Ave__Willoughby.jpg,304,7,3
305,/home/rnam/Documents/ped/data/team500/2016-07-17-13-39-51_Flatbush_Ave__Willoughby.jpg,305,7,3
306,/home/rnam/Documents/ped/data/team500/2016-07-17-13-44-05_Flatbush_Ave__Willoughby.jpg,306,7,1
307,/home/rnam/Documents/ped/data/team500/2016-07-17-13-40-19_Flatbush_Ave__Willoughby.jpg,307,8,1
308,/home/rnam/Documents/ped/data/team500/2016-07-17-13-44-11_Flatbush_Ave__Willoughby.jpg,308,7,2
309,/home/rnam/Documents/ped/data/team500/2016-07-17-13-37-32_Flatbush_Ave__Willoughby.jpg,309,7,1
310,/home/rnam/Documents/ped/data/team500/2016-07-17-13-39-24_Flatbush_Ave__Willoughby.jpg,310,8,2
311,/home/rnam/Documents/ped/data/team500/2016-07-17-13-45-07_Flatbush_Ave__Willoughby.jpg,311,7,2
312,/home/rnam/Documents/ped/data/team500/2016-07-17-13-38-55_Flatbush_Ave__Willoughby.jpg,312,7,0
313,/home/rnam/Documents/ped/data/team500/2016-07-17-13-41-08_Flatbush_Ave__Willoughby.jpg,313,7,1
314,/home/rnam/Documents/ped/data/team500/2016-07-17-13-40-24_Flatbush_Ave__Willoughby.jpg,314,9,1
315,/home/rnam/Documents/ped/data/team500/2016-07-17-13-44-17_Flatbush_Ave__Willoughby.jpg,315,8,2
316,/home/rnam/Documents/ped/data/team500/2016-07-17-13-37-17_Flatbush_Ave__Willoughby.jpg,316,10,1
317,/home/rnam/Documents/ped/data/team500/2016-07-17-13-44-04_Flatbush_Ave__Willoughby.jpg,317,11,0
318,/home/rnam/Documents/ped/data/team500/2016-07-17-13-40-32_Flatbush_Ave__Willoughby.jpg,318,11,1
319,/home/rnam/Documents/ped/data/team500/2016-07-17-13-42-57_Flatbush_Ave__Willoughby.jpg,319,12,4
320,/home/rnam/Documents/ped/data/team500/2016-07-17-13-42-35_Flatbush_Ave__Willoughby.jpg,320,12,2
321,/home/rnam/Documents/ped/data/team500/2016-07-17-13-37-20_Flatbush_Ave__Willoughby.jpg,321,11,4
322,/home/rnam/Documents/ped/data/team500/2016-07-17-13-37-52_Flatbush_Ave__Willoughby.jpg,322,11,3
323,/home/rnam/Documents/ped/data/team500/2016-07-17-13-41-06_Flatbush_Ave__Willoughby.jpg,323,11,1
324,/home/rnam/Documents/ped/data/team500/2016-07-17-13-44-28_Flatbush_Ave__Willoughby.jpg,324,11,2
325,/home/rnam/Documents/ped/data/team500/2016-07-17-13-36-39_Flatbush_Ave__Willoughby.jpg,325,9,0
326,/home/rnam/Documents/ped/data/team500/2016-07-17-13-42-56_Flatbush_Ave__Willoughby.jpg,326,8,2
327,/home/rnam/Documents/ped/data/team500/2016-07-17-13-42-52_Flatbush_Ave__Willoughby.jpg,327,7,2
328,/home/rnam/Documents/ped/data/team500/2016-07-17-13-42-26_Flatbush_Ave__Willoughby.jpg,328,7,2
329,/home/rnam/Documents/ped/data/team500/2016-07-17-13-41-15_Flatbush_Ave__Willoughby.jpg,329,6,1
330,/home/rnam/Documents/ped/data/team500/2016-07-17-13-41-57_Flatbush_Ave__Willoughby.jpg,330,6,2
331,/home/rnam/Documents/ped/data/team500/2016-07-17-13-40-37_Flatbush_Ave__Willoughby.jpg,331,6,3
332,/home/rnam/Documents/ped/data/team500/2016-07-17-13-39-01_Flatbush_Ave__Willoughby.jpg,332,7,3
333,/home/rnam/Documents/ped/data/team500/2016-07-17-13-36-41_Flatbush_Ave__Willoughby.jpg,333,7,0
334,/home/rnam/Documents/ped/data/team500/2016-07-17-13-45-22_Flatbush_Ave__Willoughby.jpg,334,8,1
335,/home/rnam/Documents/ped/data/team500/2016-07-17-13-43-25_Flatbush_Ave__Willoughby.jpg,335,8,0
336,/home/rnam/Documents/ped/data/team500/2016-07-17-13-40-09_Flatbush_Ave__Willoughby.jpg,336,8,1
337,/home/rnam/Documents/ped/data/team500/2016-07-17-13-37-42_Flatbush_Ave__Willoughby.jpg,337,8,3
338,/home/rnam/Documents/ped/data/team500/2016-07-17-13-43-59_Flatbush_Ave__Willoughby.jpg,338,8,0
339,/home/rnam/Documents/ped/data/team500/2016-07-17-13-40-02_Flatbush_Ave__Willoughby.jpg,339,8,2
340,/home/rnam/Documents/ped/data/team500/2016-07-17-13-43-02_Flatbush_Ave__Willoughby.jpg,340,8,2
341,/home/rnam/Documents/ped/data/team500/2016-07-17-13-38-57_Flatbush_Ave__Willoughby.jpg,341,8,3
342,/home/rnam/Documents/ped/data/team500/2016-07-17-13-45-30_Flatbush_Ave__Willoughby.jpg,342,7,1
343,/home/rnam/Documents/ped/data/team500/2016-07-17-13-38-53_Flatbush_Ave__Willoughby.jpg,343,8,2
344,/home/rnam/Documents/ped/data/team500/2016-07-17-13-43-36_Flatbush_Ave__Willoughby.jpg,344,7,0
345,/home/rnam/Documents/ped/data/team500/2016-07-17-13-36-04_Flatbush_Ave__Willoughby.jpg,345,8,0
346,/home/rnam/Documents/ped/data/team500/2016-07-17-13-44-42_Flatbush_Ave__Willoughby.jpg,346,7,1
347,/home/rnam/Documents/ped/data/team500/2016-07-17-13-44-50_Flatbush_Ave__Willoughby.jpg,347,7,0
348,/home/rnam/Documents/ped/data/team500/2016-07-17-13-43-05_Flatbush_Ave__Willoughby.jpg,348,7,0
349,/home/rnam/Documents/ped/data/team500/2016-07-17-13-45-47_Flatbush_Ave__Willoughby.jpg,349,6,0
350,/home/rnam/Documents/ped/data/team500/2016-07-17-13-38-05_Flatbush_Ave__Willoughby.jpg,350,7,2
351,/home/rnam/Documents/ped/data/team500/2016-07-17-13-44-03_Flatbush_Ave__Willoughby.jpg,351,5,1
352,/home/rnam/Documents/ped/data/team500/2016-07-17-13-40-15_Flatbush_Ave__Willoughby.jpg,352,5,1
353,/home/rnam/Documents/ped/data/team500/2016-07-17-13-43-15_Flatbush_Ave__Willoughby.jpg,353,4,2
354,/home/rnam/Documents/ped/data/team500/2016-07-17-13-43-49_Flatbush_Ave__Willoughby.jpg,354,8,0
355,/home/rnam/Documents/ped/data/team500/2016-07-17-13-39-45_Flatbush_Ave__Willoughby.jpg,355,8,5
356,/home/rnam/Documents/ped/data/team500/2016-07-17-13-37-00_Flatbush_Ave__Willoughby.jpg,356,7,0
357,/home/rnam/Documents/ped/data/team500/2016-07-17-13-44-46_Flatbush_Ave__Willoughby.jpg,357,7,1
358,/home/rnam/Documents/ped/data/team500/2016-07-17-13-39-33_Flatbush_Ave__Willoughby.jpg,358,7,1
359,/home/rnam/Documents/ped/data/team500/2016-07-17-13-40-17_Flatbush_Ave__Willoughby.jpg,359,8,1
360,/home/rnam/Documents/ped/data/team500/2016-07-17-13-38-16_Flatbush_Ave__Willoughby.jpg,360,7,2
361,/home/rnam/Documents/ped/data/team500/2016-07-17-13-43-22_Flatbush_Ave__Willoughby.jpg,361,7,0
362,/home/rnam/Documents/ped/data/team500/2016-07-17-13-40-53_Flatbush_Ave__Willoughby.jpg,362,7,1
363,/home/rnam/Documents/ped/data/team500/2016-07-17-13-43-13_Flatbush_Ave__Willoughby.jpg,363,8,2
364,/home/rnam/Documents/ped/data/team500/2016-07-17-13-39-00_Flatbush_Ave__Willoughby.jpg,364,7,0
365,/home/rnam/Documents/ped/data/team500/2016-07-17-13-44-55_Flatbush_Ave__Willoughby.jpg,365,6,2
366,/home/rnam/Documents/ped/data/team500/2016-07-17-13-44-33_Flatbush_Ave__Willoughby.jpg,366,7,3
367,/home/rnam/Documents/ped/data/team500/2016-07-17-13-45-42_Flatbush_Ave__Willoughby.jpg,367,7,0
368,/home/rnam/Documents/ped/data/team500/2016-07-17-13-43-33_Flatbush_Ave__Willoughby.jpg,368,7,0
369,/home/rnam/Documents/ped/data/team500/2016-07-17-13-43-52_Flatbush_Ave__Willoughby.jpg,369,6,1
370,/home/rnam/Documents/ped/data/team500/2016-07-17-13-45-49_Flatbush_Ave__Willoughby.jpg,370,7,0
371,/home/rnam/Documents/ped/data/team500/2016-07-17-13-43-56_Flatbush_Ave__Willoughby.jpg,371,7,2
372,/home/rnam/Documents/ped/data/team500/2016-07-17-13-37-41_Flatbush_Ave__Willoughby.jpg,372,6,3
373,/home/rnam/Documents/ped/data/team500/2016-07-17-13-41-27_Flatbush_Ave__Willoughby.jpg,373,6,4
374,/home/rnam/Documents/ped/data/team500/2016-07-17-13-44-24_Flatbush_Ave__Willoughby.jpg,374,5,1
375,/home/rnam/Documents/ped/data/team500/2016-07-17-13-39-48_Flatbush_Ave__Willoughby.jpg,375,5,2
376,/home/rnam/Documents/ped/data/team500/2016-07-17-13-38-34_Flatbush_Ave__Willoughby.jpg,376,5,5
377,/home/rnam/Documents/ped/data/team500/2016-07-17-13-40-22_Flatbush_Ave__Willoughby.jpg,377,5,1
378,/home/rnam/Documents/ped/data/team500/2016-07-17-13-40-58_Flatbush_Ave__Willoughby.jpg,378,6,0
379,/home/rnam/Documents/ped/data/team500/2016-07-17-13-36-49_Flatbush_Ave__Willoughby.jpg,379,6,0
380,/home/rnam/Documents/ped/data/team500/2016-07-17-13-45-35_Flatbush_Ave__Willoughby.jpg,380,6,0
381,/home/rnam/Documents/ped/data/team500/2016-07-17-13-38-51_Flatbush_Ave__Willoughby.jpg,381,6,0
382,/home/rnam/Documents/ped/data/team500/2016-07-17-13-43-17_Flatbush_Ave__Willoughby.jpg,382,6,0
383,/home/rnam/Documents/ped/data/team500/2016-07-17-13-38-14_Flatbush_Ave__Willoughby.jpg,383,6,2
384,/home/rnam/Documents/ped/data/team500/2016-07-17-13-39-21_Flatbush_Ave__Willoughby.jpg,384,4,6
385,/home/rnam/Documents/ped/data/team500/2016-07-17-13-37-46_Flatbush_Ave__Willoughby.jpg,385,5,3
386,/home/rnam/Documents/ped/data/team500/2016-07-17-13-36-50_Flatbush_Ave__Willoughby.jpg,386,6,0
387,/home/rnam/Documents/ped/data/team500/2016-07-17-13-43-24_Flatbush_Ave__Willoughby.jpg,387,7,1
388,/home/rnam/Documents/ped/data/team500/2016-07-17-13-37-30_Flatbush_Ave__Willoughby.jpg,388,7,3
389,/home/rnam/Documents/ped/data/team500/2016-07-17-13-45-09_Flatbush_Ave__Willoughby.jpg,389,7,1
390,/home/rnam/Documents/ped/data/team500/2016-07-17-13-40-56_Flatbush_Ave__Willoughby.jpg,390,7,1
391,/home/rnam/Documents/ped/data/team500/2016-07-17-13-42-59_Flatbush_Ave__Willoughby.jpg,391,8,4
392,/home/rnam/Documents/ped/data/team500/2016-07-17-13-44-34_Flatbush_Ave__Willoughby.jpg,392,8,2
393,/home/rnam/Documents/ped/data/team500/2016-07-17-13-36-27_Flatbush_Ave__Willoughby.jpg,393,6,0
394,/home/rnam/Documents/ped/data/team500/2016-07-17-13-42-05_Flatbush_Ave__Willoughby.jpg,394,7,2
395,/home/rnam/Documents/ped/data/team500/2016-07-17-13-37-31_Flatbush_Ave__Willoughby.jpg,395,8,2
396,/home/rnam/Documents/ped/data/team500/2016-07-17-13-40-45_Flatbush_Ave__Willoughby.jpg,396,7,3
397,/home/rnam/Documents/ped/data/team500/2016-07-17-13-45-32_Flatbush_Ave__Willoughby.jpg,397,7,1
398,/home/rnam/Documents/ped/data/team500/2016-07-17-13-43-10_Flatbush_Ave__Willoughby.jpg,398,6,1
399,/home/rnam/Documents/ped/data/team500/2016-07-17-13-37-36_Flatbush_Ave__Willoughby.jpg,399,6,4
400,/home/rnam/Documents/ped/data/team500/2016-07-17-13-41-32_Flatbush_Ave__Willoughby.jpg,400,5,5
401,/home/rnam/Documents/ped/data/team500/2016-07-17-13-40-07_Flatbush_Ave__Willoughby.jpg,401,5,2
402,/home/rnam/Documents/ped/data/team500/2016-07-17-13-36-15_Flatbush_Ave__Willoughby.jpg,402,6,0
403,/home/rnam/Documents/ped/data/team500/2016-07-17-13-42-43_Flatbush_Ave__Willoughby.jpg,403,7,2
404,/home/rnam/Documents/ped/data/team500/2016-07-17-13-44-21_Flatbush_Ave__Willoughby.jpg,404,7,0
405,/home/rnam/Documents/ped/data/team500/2016-07-17-13-42-17_Flatbush_Ave__Willoughby.jpg,405,7,3
406,/home/rnam/Documents/ped/data/team500/2016-07-17-13-45-08_Flatbush_Ave__Willoughby.jpg,406,6,2
407,/home/rnam/Documents/ped/data/team500/2016-07-17-13-40-23_Flatbush_Ave__Willoughby.jpg,407,6,3
408,/home/rnam/Documents/ped/data/team500/2016-07-17-13-42-11_Flatbush_Ave__Willoughby.jpg,408,7,2
409,/home/rnam/Documents/ped/data/team500/2016-07-17-13-37-49_Flatbush_Ave__Willoughby.jpg,409,7,4
410,/home/rnam/Documents/ped/data/team500/2016-07-17-13-39-27_Flatbush_Ave__Willoughby.jpg,410,8,3
411,/home/rnam/Documents/ped/data/team500/2016-07-17-13-37-08_Flatbush_Ave__Willoughby.jpg,411,9,0
412,/home/rnam/Documents/ped/data/team500/2016-07-17-13-44-44_Flatbush_Ave__Willoughby.jpg,412,9,0
413,/home/rnam/Documents/ped/data/team500/2016-07-17-13-39-22_Flatbush_Ave__Willoughby.jpg,413,9,2
414,/home/rnam/Documents/ped/data/team500/2016-07-17-13-43-08_Flatbush_Ave__Willoughby.jpg,414,9,3
415,/home/rnam/Documents/ped/data/team500/2016-07-17-13-41-04_Flatbush_Ave__Willoughby.jpg,415,9,0
416,/home/rnam/Documents/ped/data/team500/2016-07-17-13-44-12_Flatbush_Ave__Willoughby.jpg,416,9,1
417,/home/rnam/Documents/ped/data/team500/2016-07-17-13-43-28_Flatbush_Ave__Willoughby.jpg,417,8,1
418,/home/rnam/Documents/ped/data/team500/2016-07-17-13-43-12_Flatbush_Ave__Willoughby.jpg,418,8,3
419,/home/rnam/Documents/ped/data/team500/2016-07-17-13-44-32_Flatbush_Ave__Willoughby.jpg,419,8,1
420,/home/rnam/Documents/ped/data/team500/2016-07-17-13-42-07_Flatbush_Ave__Willoughby.jpg,420,8,1
421,/home/rnam/Documents/ped/data/team500/2016-07-17-13-44-59_Flatbush_Ave__Willoughby.jpg,421,7,5
422,/home/rnam/Documents/ped/data/team500/2016-07-17-13-36-22_Flatbush_Ave__Willoughby.jpg,422,7,1
423,/home/rnam/Documents/ped/data/team500/2016-07-17-13-37-16_Flatbush_Ave__Willoughby.jpg,423,6,4
424,/home/rnam/Documents/ped/data/team500/2016-07-17-13-41-16_Flatbush_Ave__Willoughby.jpg,424,6,1
425,/home/rnam/Documents/ped/data/team500/2016-07-17-13-41-51_Flatbush_Ave__Willoughby.jpg,425,6,1
426,/home/rnam/Documents/ped/data/team500/2016-07-17-13-45-29_Flatbush_Ave__Willoughby.jpg,426,6,0
427,/home/rnam/Documents/ped/data/team500/2016-07-17-13-39-09_Flatbush_Ave__Willoughby.jpg,427,6,4
428,/home/rnam/Documents/ped/data/team500/2016-07-17-13-45-18_Flatbush_Ave__Willoughby.jpg,428,6,3
429,/home/rnam/Documents/ped/data/team500/2016-07-17-13-41-53_Flatbush_Ave__Willoughby.jpg,429,7,1
430,/home/rnam/Documents/ped/data/team500/2016-07-17-13-41-01_Flatbush_Ave__Willoughby.jpg,430,7,1
431,/home/rnam/Documents/ped/data/team500/2016-07-17-13-39-10_Flatbush_Ave__Willoughby.jpg,431,9,4
432,/home/rnam/Documents/ped/data/team500/2016-07-17-13-41-29_Flatbush_Ave__Willoughby.jpg,432,8,4
433,/home/rnam/Documents/ped/data/team500/2016-07-17-13-44-00_Flatbush_Ave__Willoughby.jpg,433,8,2
434,/home/rnam/Documents/ped/data/team500/2016-07-17-13-38-25_Flatbush_Ave__Willoughby.jpg,434,9,1
435,/home/rnam/Documents/ped/data/team500/2016-07-17-13-43-20_Flatbush_Ave__Willoughby.jpg,435,10,1
436,/home/rnam/Documents/ped/data/team500/2016-07-17-13-37-59_Flatbush_Ave__Willoughby.jpg,436,9,1
437,/home/rnam/Documents/ped/data/team500/2016-07-17-13-38-35_Flatbush_Ave__Willoughby.jpg,437,7,2
438,/home/rnam/Documents/ped/data/team500/2016-07-17-13-45-03_Flatbush_Ave__Willoughby.jpg,438,6,2
439,/home/rnam/Documents/ped/data/team500/2016-07-17-13-37-13_Flatbush_Ave__Willoughby.jpg,439,5,1
440,/home/rnam/Documents/ped/data/team500/2016-07-17-13-43-31_Flatbush_Ave__Willoughby.jpg,440,5,0
441,/home/rnam/Documents/ped/data/team500/2016-07-17-13-42-28_Flatbush_Ave__Willoughby.jpg,441,5,0
442,/home/rnam/Documents/ped/data/team500/2016-07-17-13-44-45_Flatbush_Ave__Willoughby.jpg,442,4,2
443,/home/rnam/Documents/ped/data/team500/2016-07-17-13-42-06_Flatbush_Ave__Willoughby.jpg,443,4,2
444,/home/rnam/Documents/ped/data/team500/2016-07-17-13-42-09_Flatbush_Ave__Willoughby.jpg,444,4,0
445,/home/rnam/Documents/ped/data/team500/2016-07-17-13-36-38_Flatbush_Ave__Willoughby.jpg,445,4,0
446,/home/rnam/Documents/ped/data/team500/2016-07-17-13-42-41_Flatbush_Ave__Willoughby.jpg,446,4,2
447,/home/rnam/Documents/ped/data/team500/2016-07-17-13-39-44_Flatbush_Ave__Willoughby.jpg,447,4,1
448,/home/rnam/Documents/ped/data/team500/2016-07-17-13-39-43_Flatbush_Ave__Willoughby.jpg,448,5,2
449,/home/rnam/Documents/ped/data/team500/2016-07-17-13-36-28_Flatbush_Ave__Willoughby.jpg,449,5,0
450,/home/rnam/Documents/ped/data/team500/2016-07-17-13-43-54_Flatbush_Ave__Willoughby.jpg,450,4,0
451,/home/rnam/Documents/ped/data/team500/2016-07-17-13-43-30_Flatbush_Ave__Willoughby.jpg,451,5,2
452,/home/rnam/Documents/ped/data/team500/2016-07-17-13-36-09_Flatbush_Ave__Willoughby.jpg,452,5,1
453,/home/rnam/Documents/ped/data/team500/2016-07-17-13-41-22_Flatbush_Ave__Willoughby.jpg,453,5,3
454,/home/rnam/Documents/ped/data/team500/2016-07-17-13-45-37_Flatbush_Ave__Willoughby.jpg,454,4,1
455,/home/rnam/Documents/ped/data/team500/2016-07-17-13-42-04_Flatbush_Ave__Willoughby.jpg,455,4,3
456,/home/rnam/Documents/ped/data/team500/2016-07-17-13-39-18_Flatbush_Ave__Willoughby.jpg,456,4,3
457,/home/rnam/Documents/ped/data/team500/2016-07-17-13-42-19_Flatbush_Ave__Willoughby.jpg,457,5,2
458,/home/rnam/Documents/ped/data/team500/2016-07-17-13-43-11_Flatbush_Ave__Willoughby.jpg,458,6,3
459,/home/rnam/Documents/ped/data/team500/2016-07-17-13-36-40_Flatbush_Ave__Willoughby.jpg,459,7,1
460,/home/rnam/Documents/ped/data/team500/2016-07-17-13-39-37_Flatbush_Ave__Willoughby.jpg,460,7,2
461,/home/rnam/Documents/ped/data/team500/2016-07-17-13-39-41_Flatbush_Ave__Willoughby.jpg,461,6,1
462,/home/rnam/Documents/ped/data/team500/2016-07-17-13-42-12_Flatbush_Ave__Willoughby.jpg,462,6,1
463,/home/rnam/Documents/ped/data/team500/2016-07-17-13-36-19_Flatbush_Ave__Willoughby.jpg,463,7,1
464,/home/rnam/Documents/ped/data/team500/2016-07-17-13-38-10_Flatbush_Ave__Willoughby.jpg,464,7,0
465,/home/rnam/Documents/ped/data/team500/2016-07-17-13-37-19_Flatbush_Ave__Willoughby.jpg,465,7,1
466,/home/rnam/Documents/ped/data/team500/2016-07-17-13-36-11_Flatbush_Ave__Willoughby.jpg,466,8,1
467,/home/rnam/Documents/ped/data/team500/2016-07-17-13-44-36_Flatbush_Ave__Willoughby.jpg,467,8,0
468,/home/rnam/Documents/ped/data/team500/2016-07-17-13-39-46_Flatbush_Ave__Willoughby.jpg,468,8,4
469,/home/rnam/Documents/ped/data/team500/2016-07-17-13-45-14_Flatbush_Ave__Willoughby.jpg,469,7,3
470,/home/rnam/Documents/ped/data/team500/2016-07-17-13-45-15_Flatbush_Ave__Willoughby.jpg,470,8,3
471,/home/rnam/Documents/ped/data/team500/2016-07-17-13-40-33_Flatbush_Ave__Willoughby.jpg,471,9,1
472,/home/rnam/Documents/ped/data/team500/2016-07-17-13-39-14_Flatbush_Ave__Willoughby.jpg,472,8,4
473,/home/rnam/Documents/ped/data/team500/2016-07-17-13-44-15_Flatbush_Ave__Willoughby.jpg,473,7,2
474,/home/rnam/Documents/ped/data/team500/2016-07-17-13-41-24_Flatbush_Ave__Willoughby.jpg,474,8,3
475,/home/rnam/Documents/ped/data/team500/2016-07-17-13-42-27_Flatbush_Ave__Willoughby.jpg,475,9,3
476,/home/rnam/Documents/ped/data/team500/2016-07-17-13-44-01_Flatbush_Ave__Willoughby.jpg,476,7,2
477,/home/rnam/Documents/ped/data/team500/2016-07-17-13-45-25_Flatbush_Ave__Willoughby.jpg,477,9,1
478,/home/rnam/Documents/ped/data/team500/2016-07-17-13-41-21_Flatbush_Ave__Willoughby.jpg,478,10,5
479,/home/rnam/Documents/ped/data/team500/2016-07-17-13-45-17_Flatbush_Ave__Willoughby.jpg,479,10,4
480,/home/rnam/Documents/ped/data/team500/2016-07-17-13-44-22_Flatbush_Ave__Willoughby.jpg,480,11,0
481,/home/rnam/Documents/ped/data/team500/2016-07-17-13-40-54_Flatbush_Ave__Willoughby.jpg,481,9,2
482,/home/rnam/Documents/ped/data/team500/2016-07-17-13-42-31_Flatbush_Ave__Willoughby.jpg,482,9,2
483,/home/rnam/Documents/ped/data/team500/2016-07-17-13-40-43_Flatbush_Ave__Willoughby.jpg,483,9,1
484,/home/rnam/Documents/ped/data/team500/2016-07-17-13-39-03_Flatbush_Ave__Willoughby.jpg,484,10,1
485,/home/rnam/Documents/ped/data/team500/2016-07-17-13-41-38_Flatbush_Ave__Willoughby.jpg,485,10,5
486,/home/rnam/Documents/ped/data/team500/2016-07-17-13-45-13_Flatbush_Ave__Willoughby.jpg,486,12,2
487,/home/rnam/Documents/ped/data/team500/2016-07-17-13-43-37_Flatbush_Ave__Willoughby.jpg,487,12,1
488,/home/rnam/Documents/ped/data/team500/2016-07-17-13-37-06_Flatbush_Ave__Willoughby.jpg,488,10,0
489,/home/rnam/Documents/ped/data/team500/2016-07-17-13-40-12_Flatbush_Ave__Willoughby.jpg,489,11,1
490,/home/rnam/Documents/ped/data/team500/2016-07-17-13-37-34_Flatbush_Ave__Willoughby.jpg,490,11,0
491,/home/rnam/Documents/ped/data/team500/2016-07-17-13-38-56_Flatbush_Ave__Willoughby.jpg,491,10,1
492,/home/rnam/Documents/ped/data/team500/2016-07-17-13-36-58_Flatbush_Ave__Willoughby.jpg,492,9,1
493,/home/rnam/Documents/ped/data/team500/2016-07-17-13-40-01_Flatbush_Ave__Willoughby.jpg,493,9,2
494,/home/rnam/Documents/ped/data/team500/2016-07-17-13-42-30_Flatbush_Ave__Willoughby.jpg,494,11,3
495,/home/rnam/Documents/ped/data/team500/2016-07-17-13-39-34_Flatbush_Ave__Willoughby.jpg,495,11,1
496,/home/rnam/Documents/ped/data/team500/2016-07-17-13-42-34_Flatbush_Ave__Willoughby.jpg,496,11,3
497,/home/rnam/Documents/ped/data/team500/2016-07-17-13-42-00_Flatbush_Ave__Willoughby.jpg,497,10,2
498,/home/rnam/Documents/ped/data/team500/2016-07-17-13-41-54_Flatbush_Ave__Willoughby.jpg,498,10,1
499,/home/rnam/Documents/ped/data/team500/2016-07-17-13-45-41_Flatbush_Ave__Willoughby.jpg,499,9,0
500,/home/rnam/Documents/ped/data/team500/2016-07-17-13-41-33_Flatbush_Ave__Willoughby.jpg,500,10,4
501,/home/rnam/Documents/ped/data/team500/2016-07-17-13-40-03_Flatbush_Ave__Willoughby.jpg,501,10,2
502,/home/rnam/Documents/ped/data/team500/2016-07-17-13-36-16_Flatbush_Ave__Willoughby.jpg,502,11,0
503,/home/rnam/Documents/ped/data/team500/2016-07-17-13-40-51_Flatbush_Ave__Willoughby.jpg,503,9,2
504,/home/rnam/Documents/ped/data/team500/2016-07-17-13-39-35_Flatbush_Ave__Willoughby.jpg,504,8,0
505,/home/rnam/Documents/ped/data/team500/2016-07-17-13-45-44_Flatbush_Ave__Willoughby.jpg,505,7,0
506,/home/rnam/Documents/ped/data/team500/2016-07-17-13-42-08_Flatbush_Ave__Willoughby.jpg,506,7,1
507,/home/rnam/Documents/ped/data/team500/2016-07-17-13-40-27_Flatbush_Ave__Willoughby.jpg,507,7,1
508,/home/rnam/Documents/ped/data/team500/2016-07-17-13-37-28_Flatbush_Ave__Willoughby.jpg,508,7,3
509,/home/rnam/Documents/ped/data/team500/2016-07-17-13-42-58_Flatbush_Ave__Willoughby.jpg,509,8,4
510,/home/rnam/Documents/ped/data/team500/2016-07-17-13-45-02_Flatbush_Ave__Willoughby.jpg,510,9,1
511,/home/rnam/Documents/ped/data/team500/2016-07-17-13-39-38_Flatbush_Ave__Willoughby.jpg,511,9,1
512,/home/rnam/Documents/ped/data/team500/2016-07-17-13-44-51_Flatbush_Ave__Willoughby.jpg,512,10,0
513,/home/rnam/Documents/ped/data/team500/2016-07-17-13-39-06_Flatbush_Ave__Willoughby.jpg,513,11,3
514,/home/rnam/Documents/ped/data/team500/2016-07-17-13-45-11_Flatbush_Ave__Willoughby.jpg,514,10,2
515,/home/rnam/Documents/ped/data/team500/2016-07-17-13-41-43_Flatbush_Ave__Willoughby.jpg,515,11,4
516,/home/rnam/Documents/ped/data/team500/2016-07-17-13-38-01_Flatbush_Ave__Willoughby.jpg,516,12,2
517,/home/rnam/Documents/ped/data/team500/2016-07-17-13-44-38_Flatbush_Ave__Willoughby.jpg,517,12,1
518,/home/rnam/Documents/ped/data/team500/2016-07-17-13-41-44_Flatbush_Ave__Willoughby.jpg,518,10,4
519,/home/rnam/Documents/ped/data/team500/2016-07-17-13-38-18_Flatbush_Ave__Willoughby.jpg,519,10,2
520,/home/rnam/Documents/ped/data/team500/2016-07-17-13-36-32_Flatbush_Ave__Willoughby.jpg,520,11,1
521,/home/rnam/Documents/ped/data/team500/2016-07-17-13-42-25_Flatbush_Ave__Willoughby.jpg,521,9,2
522,/home/rnam/Documents/ped/data/team500/2016-07-17-13-45-50_Flatbush_Ave__Willoughby.jpg,522,7,1
523,/home/rnam/Documents/ped/data/team500/2016-07-17-13-40-36_Flatbush_Ave__Willoughby.jpg,523,9,1
524,/home/rnam/Documents/ped/data/team500/2016-07-17-13-39-39_Flatbush_Ave__Willoughby.jpg,524,8,2
525,/home/rnam/Documents/ped/data/team500/2016-07-17-13-36-20_Flatbush_Ave__Willoughby.jpg,525,7,0
526,/home/rnam/Documents/ped/data/team500/2016-07-17-13-45-46_Flatbush_Ave__Willoughby.jpg,526,7,0
527,/home/rnam/Documents/ped/data/team500/2016-07-17-13-37-24_Flatbush_Ave__Willoughby.jpg,527,7,0
528,/home/rnam/Documents/ped/data/team500/2016-07-17-13-44-25_Flatbush_Ave__Willoughby.jpg,528,7,2
529,/home/rnam/Documents/ped/data/team500/2016-07-17-13-38-26_Flatbush_Ave__Willoughby.jpg,529,6,1
530,/home/rnam/Documents/ped/data/team500/2016-07-17-13-41-12_Flatbush_Ave__Willoughby.jpg,530,4,1
531,/home/rnam/Documents/ped/data/team500/2016-07-17-13-45-00_Flatbush_Ave__Willoughby.jpg,531,3,2
532,/home/rnam/Documents/ped/data/team500/2016-07-17-13-38-27_Flatbush_Ave__Willoughby.jpg,532,3,1
533,/home/rnam/Documents/ped/data/team500/2016-07-17-13-40-31_Flatbush_Ave__Willoughby.jpg,533,4,3
534,/home/rnam/Documents/ped/data/team500/2016-07-17-13-45-48_Flatbush_Ave__Willoughby.jpg,534,3,0
535,/home/rnam/Documents/ped/data/team500/2016-07-17-13-38-20_Flatbush_Ave__Willoughby.jpg,535,3,1
536,/home/rnam/Documents/ped/data/team500/2016-07-17-13-36-25_Flatbush_Ave__Willoughby.jpg,536,3,1
537,/home/rnam/Documents/ped/data/team500/2016-07-17-13-43-51_Flatbush_Ave__Willoughby.jpg,537,3,3
538,/home/rnam/Documents/ped/data/team500/2016-07-17-13-43-04_Flatbush_Ave__Willoughby.jpg,538,4,1
539,/home/rnam/Documents/ped/data/team500/2016-07-17-13-42-40_Flatbush_Ave__Willoughby.jpg,539,4,1
540,/home/rnam/Documents/ped/data/team500/2016-07-17-13-36-43_Flatbush_Ave__Willoughby.jpg,540,4,0
541,/home/rnam/Documents/ped/data/team500/2016-07-17-13-44-41_Flatbush_Ave__Willoughby.jpg,541,5,1
542,/home/rnam/Documents/ped/data/team500/2016-07-17-13-38-04_Flatbush_Ave__Willoughby.jpg,542,6,2
543,/home/rnam/Documents/ped/data/team500/2016-07-17-13-37-25_Flatbush_Ave__Willoughby.jpg,543,6,2
544,/home/rnam/Documents/ped/data/team500/2016-07-17-13-41-56_Flatbush_Ave__Willoughby.jpg,544,5,2
545,/home/rnam/Documents/ped/data/team500/2016-07-17-13-41-50_Flatbush_Ave__Willoughby.jpg,545,5,1
546,/home/rnam/Documents/ped/data/team500/2016-07-17-13-42-39_Flatbush_Ave__Willoughby.jpg,546,6,3
547,/home/rnam/Documents/ped/data/team500/2016-07-17-13-36-57_Flatbush_Ave__Willoughby.jpg,547,5,0
548,/home/rnam/Documents/ped/data/team500/2016-07-17-13-36-54_Flatbush_Ave__Willoughby.jpg,548,5,0
